date,mean_o3
2022-01-01,28.422136
2022-01-02,32.108566
2022-01-03,21.39522
2022-01-04,19.038141
2022-01-05,14.733167
2022-01-06,16.198313
2022-01-07,17.298822
2022-01-08,24.212088
2022-01-09,20.074924
2022-01-10,36.87137
2022-01-11,31.984388
2022-01-12,30.322731
2022-01-13,35.49693
2022-01-14,21.917677
2022-01-15,35.75272
2022-01-16,33.80899
2022-01-17,28.611801
2022-01-18,21.733047
2022-01-19,25.119799
2022-01-20,31.913374
2022-01-21,24.68721
2022-01-22,19.24919
2022-01-23,28.280863
2022-01-24,30.32335
2022-01-25,39.5079
2022-01-26,44.02566
2022-01-27,41.064255
2022-01-28,42.25588
2022-01-29,41.424168
2022-01-30,45.779343
2022-01-31,66.57197
2022-02-01,64.439476
2022-02-02,60.097584
2022-02-03,64.01206
2022-02-04,71.33136
2022-02-05,66.3432
2022-02-06,57.897808
2022-02-07,50.944736
2022-02-08,47.708332
2022-02-09,46.207264
2022-02-10,47.71269
2022-02-11,46.619953
2022-02-12,50.710308
2022-02-13,47.90285
2022-02-14,61.442326
2022-02-15,57.41579
2022-02-16,57.08991
2022-02-17,52.179825
2022-02-18,48.31217
2022-02-19,65.809494
2022-02-20,54.44009
2022-02-21,57.851032
2022-02-22,58.640503
2022-02-23,43.0536
2022-02-24,44.851337
2022-02-25,53.336365
2022-02-26,66.73326
2022-02-27,51.429714
2022-02-28,54.110092
2022-03-01,68.749565
2022-03-02,54.019825
2022-03-03,53.064426
2022-03-04,62.393524
2022-03-05,61.85643
2022-03-06,46.249783
2022-03-07,52.67851
2022-03-08,54.51854
2022-03-09,64.66216
2022-03-10,85.17566
2022-03-11,78.601974
2022-03-12,58.683323
2022-03-13,48.777863
2022-03-14,69.24386
2022-03-15,68.39222
2022-03-16,59.692707
2022-03-17,59.963596
2022-03-18,44.313156
2022-03-19,63.450916
2022-03-20,59.21382
2022-03-21,59.897324
2022-03-22,54.57105
2022-03-23,53.28816
2022-03-24,38.75308
2022-03-25,44.86754
2022-03-26,61.481472
2022-03-27,74.66415
2022-03-28,70.795395
2022-03-29,61.609695
2022-03-30,54.187016
2022-03-31,62.93807
2022-04-01,68.92329
2022-04-02,71.75662
2022-04-03,77.394516
2022-04-04,102.79699
2022-04-05,90.74172
2022-04-06,77.38651
2022-04-07,67.83224
2022-04-08,98.95746
2022-04-09,102.35745
2022-04-10,108.50931
2022-04-11,91.10198
2022-04-12,82.734795
2022-04-13,83.81323
2022-04-14,73.32522
2022-04-15,79.453285
2022-04-16,75.501205
2022-04-17,79.311295
2022-04-18,95.62741
2022-04-19,93.78509
2022-04-20,111.11667
2022-04-21,94.45154
2022-04-22,80.51977
2022-04-23,90.19039
2022-04-24,95.9155
2022-04-25,92.98202
2022-04-26,81.36338
2022-04-27,71.096275
2022-04-28,61.954433
2022-04-29,60.999737
2022-04-30,75.45855
2022-05-01,71.460304
2022-05-02,75.81097
2022-05-03,103.451
2022-05-04,120.7739
2022-05-05,125.97742
2022-05-06,77.22434
2022-05-07,61.295834
2022-05-08,61.517105
2022-05-09,62.15439
2022-05-10,64.14254
2022-05-11,67.81745
2022-05-12,75.29847
2022-05-13,72.69596
2022-05-14,65.44636
2022-05-15,69.702415
2022-05-16,76.60373
2022-05-17,96.61798
2022-05-18,103.35305
2022-05-19,114.11274
2022-05-20,120.49869
2022-05-21,123.13794
2022-05-22,131.43071
2022-05-23,129.25789
2022-05-24,128.46864
2022-05-25,92.9454
2022-05-26,80.231804
2022-05-27,92.865135
2022-05-28,148.45613
2022-05-29,99.14902
2022-05-30,83.86042
2022-05-31,109.08947
2022-06-01,108.234795
2022-06-02,143.71762
2022-06-03,166.29167
2022-06-04,117.5386
2022-06-05,86.39211
2022-06-06,84.36316
2022-06-07,99.870476
2022-06-08,105.54736
2022-06-09,102.2171
2022-06-10,111.16488
2022-06-11,113.376564
2022-06-12,104.41908
2022-06-13,104.12479
2022-06-14,87.85549
2022-06-15,98.25622
2022-06-16,132.58574
2022-06-17,151.8365
2022-06-18,156.25613
2022-06-19,153.36044
2022-06-20,154.7022
2022-06-21,144.76237
2022-06-22,98.65012
2022-06-23,105.350655
2022-06-24,102.53597
2022-06-25,151.55632
2022-06-26,127.956825
2022-06-27,108.72653
2022-06-28,87.78414
2022-06-29,82.55659
2022-06-30,86.23071
2022-07-01,97.95553
2022-07-02,110.705696
2022-07-03,98.334076
2022-07-04,89.78799
2022-07-05,87.18777
2022-07-06,72.47658
2022-07-07,99.49569
2022-07-08,126.20606
2022-07-09,94.34079
2022-07-10,93.541664
2022-07-11,84.22714
2022-07-12,88.13558
2022-07-13,88.29825
2022-07-14,88.301346
2022-07-15,100.63154
2022-07-16,102.82571
2022-07-17,94.09075
2022-07-18,90.68984
2022-07-19,94.404236
2022-07-20,105.90088
2022-07-21,113.31327
2022-07-22,101.66874
2022-07-23,102.79928
2022-07-24,116.26403
2022-07-25,116.07375
2022-07-26,107.92346
2022-07-27,87.23114
2022-07-28,80.5625
2022-07-29,89.95263
2022-07-30,96.38421
2022-07-31,90.52039
2022-08-01,103.22793
2022-08-02,108.5315
2022-08-03,109.21151
2022-08-04,109.10483
2022-08-05,109.04766
2022-08-06,93.17745
2022-08-07,85.19313
2022-08-08,59.87929
2022-08-09,57.12911
2022-08-10,69.954605
2022-08-11,86.240135
2022-08-12,96.97292
2022-08-13,100.65219
2022-08-14,72.79269
2022-08-15,63.684505
2022-08-16,79.06287
2022-08-17,91.84217
2022-08-18,83.18807
2022-08-19,65.937805
2022-08-20,76.069954
2022-08-21,102.996056
2022-08-22,92.96075
2022-08-23,54.819736
2022-08-24,65.11118
2022-08-25,65.361626
2022-08-26,56.008774
2022-08-27,45.649124
2022-08-28,46.14386
2022-08-29,57.765472
2022-08-30,58.42697
2022-08-31,71.07697
2022-09-01,72.1318
2022-09-02,84.301025
2022-09-03,86.203804
2022-09-04,93.80136
2022-09-05,73.95215
2022-09-06,58.596195
2022-09-07,60.605118
2022-09-08,90.106804
2022-09-09,108.310524
2022-09-10,118.9891
2022-09-11,103.82282
2022-09-12,105.3214
2022-09-13,101.94913
2022-09-14,87.75965
2022-09-15,80.3375
2022-09-16,88.18026
2022-09-17,98.41871
2022-09-18,76.16125
2022-09-19,54.17093
2022-09-20,55.404312
2022-09-21,74.35497
2022-09-22,74.87715
2022-09-23,53.29471
2022-09-24,53.739166
2022-09-25,83.198555
2022-09-26,101.99759
2022-09-27,114.54254
2022-09-28,109.99847
2022-09-29,115.744514
2022-09-30,117.25263
2022-10-01,81.91996
2022-10-02,64.03662
2022-10-03,42.702194
2022-10-04,48.15636
2022-10-05,34.881306
2022-10-06,38.68042
2022-10-07,46.461624
2022-10-08,43.89392
2022-10-09,60.22647
2022-10-10,49.3376
2022-10-11,38.36619
2022-10-12,44.89441
2022-10-13,48.039234
2022-10-14,58.186687
2022-10-15,70.03008
2022-10-16,48.824154
2022-10-17,39.337154
2022-10-18,34.32827
2022-10-19,46.073193
2022-10-20,57.25549
2022-10-21,65.246315
2022-10-22,54.402954
2022-10-23,39.460934
2022-10-24,45.966106
2022-10-25,66.81244
2022-10-26,58.302746
2022-10-27,39.343674
2022-10-28,28.137001
2022-10-29,26.25376
2022-10-30,32.146244
2022-10-31,41.720272
2022-11-01,36.694042
2022-11-02,41.61856
2022-11-03,41.801914
2022-11-04,38.362854
2022-11-05,36.285877
2022-11-06,34.04755
2022-11-07,37.944553
2022-11-08,38.11266
2022-11-09,29.347488
2022-11-10,37.01791
2022-11-11,26.31434
2022-11-12,42.536682
2022-11-13,39.109562
2022-11-14,24.0354
2022-11-15,32.38353
2022-11-16,25.551964
2022-11-17,25.275475
2022-11-18,25.11036
2022-11-19,31.354902
2022-11-20,19.145243
2022-11-21,28.15542
2022-11-22,25.185463
2022-11-23,22.72013
2022-11-24,23.327623
2022-11-25,46.191635
2022-11-26,47.78744
2022-11-27,23.6679
2022-11-28,31.84313
2022-11-29,52.594955
2022-11-30,46.15592
2022-12-01,36.98908
2022-12-02,21.29462
2022-12-03,37.950546
2022-12-04,28.772596
2022-12-05,23.631979
2022-12-06,24.415209
2022-12-07,22.178118
2022-12-08,22.148844
2022-12-09,20.07884
2022-12-10,50.867004
2022-12-11,37.33662
2022-12-12,49.260178
2022-12-13,55.314823
2022-12-14,31.665802
2022-12-15,39.530468
2022-12-16,43.314472
2022-12-17,57.90965
2022-12-18,36.780262
2022-12-19,23.429533
2022-12-20,27.866646
2022-12-21,50.593296
2022-12-22,49.1927
2022-12-23,40.295593
2022-12-24,35.92386
2022-12-25,22.087355
2022-12-26,28.45883
2022-12-27,38.663464
2022-12-28,30.994955
2022-12-29,34.358112
2022-12-30,22.467545
2022-12-31,24.83136
